[
    { "id": 112, "nombre": "Cortina 3×3 LED", "precio": 4800, "img": "../imagen/cortina3x3.jpeg" },
    { "id": 113, "nombre": "Cortina 3×2 LED", "precio": 4200, "img": "../imagen/cortina3x3.jpeg" },
    { "id": 114, "nombre": "Reno y Trineo LED", "precio": 8000, "img": "../imagen/trineoLed.jpeg" },
    { "id": 115, "nombre": "Guirnalda exterior", "precio": 4100, "img": "../imagen/guirnaldaExterior.jpeg" },
    { "id": 125, "nombre": "Guirnalda exterior Multicolor", "precio": 4100, "img": "../imagen/guirnalad exte multi.jfif" },
    { "id": 116, "nombre": "Árbol LED", "precio": 1783, "img": "../imagen/arbolchico.jpeg" },
    { "id": 117, "nombre": "Guirnalda 9mts", "precio": 1450, "img": "../imagen/guirnalda9mt.jpeg" },
    { "id": 118, "nombre": "Guirnalda solar 10mts", "precio": 1600, "img": "../imagen/guirnalda10mt.jpeg" },
    { "id": 119, "nombre": "Guirnalda solar 3.5mts", "precio": 1350, "img": "../imagen/guirnalda_3mtExte.jpeg" },
    { "id": 120, "nombre": "Guirnalda 5mts", "precio": 700, "img": "../imagen/gurinalda 5mts.jpeg" },
    { "id": 121, "nombre": "Guirnalda LED 9mt", "precio": 800, "img": "../imagen/guirnalda_9mt.jpeg" },
    { "id": 122, "nombre": "Guirnalda luces LED 7mts", "precio": 750, "img": "../imagen/led100.jpg" },
    { "id": 82, "nombre": "Guirnalda LED x50", "precio": 600, "img": "../imagen/guirnalda_50.jpeg" },
    { "id": 83, "nombre": "TRGB tira de LED rgb 5050", "precio": 2900, "img": "../imagen/tiraRGB.jpeg" },
    { "id": 84, "nombre": "Tira de LED 5050 – Luz fría ", "precio": 2250, "img": "../imagen/tiraledCalida.jpeg" },
    { "id": 85, "nombre": "Tira de LED 5050 – Luz cálida 20w", "precio": 2250, "img": "../imagen/tira-calida-.jpg" },
    { "id": 86, "nombre": "Manguera LED multicolor 10mts", "precio": 3000, "img": "../imagen/manguera10.jpeg" },
    { "id": 87, "nombre": "Manguera LED cálida 10mts", "precio": 3000, "img": "../imagen/manguera10_calida.jpeg" },
    { "id": 88, "nombre": "Manguera LED blanca 10mts", "precio": 3000, "img": "../imagen/manguera10_fira.jpeg" },
    { "id": 123, "nombre": "Pizarra LED con secuenciador 30cm", "precio": 7800, "img": "../imagen/pizarraLed.jpeg" },
    { "id": 124, "nombre": "Marcador de tiza líquida para pizarra LED", "precio": 1840, "img": "../imagen/marcadorPizarra.jpeg" },
    { "id": 89, "nombre": "Guirnaldas bolas de hilo 5cm y 6cm", "precio": 740, "img": "../imagen/bolas_10cm.jpg" },
    { "id": 90, "nombre": "Cortina luces led", "precio": 690, "img": "../imagen/colgantes_letras.jpg" },
    { "id": 91, "nombre": "Estaca Solar x4", "precio": 3850, "img": "../imagen/estacax4.jpg" },
    { "id": 92, "nombre": "lampara Bluethoot con Parlante y Control", "precio": 1520, "img": "../imagen/lamparaBluethoot.jpg" },
    { "id": 93, "nombre": "Lámpara giratoria RGB", "precio": 500, "img": "../imagen/lampara_giratoria.jpeg" },
    { "id": 94, "nombre": "Lámpara giratoria Doble", "precio": 950, "img": "../imagen/lampra_giratoria_doble.jpeg" },
    { "id": 95, "nombre": "Lámpara LED 9wrecargable USB", "precio": 1000, "img": "../imagen/lamapra_recargable_9y12.jpg" },
    { "id": 96, "nombre": "Lámpara LED 12w recargable USB", "precio": 1380, "img": "../imagen/lamapra_recargable_9y12.jpg" },
    { "id": 97, "nombre": "Lámpara LED 10cm", "precio": 800, "img": "../imagen/lamapra_led_10cm.jpg" },
    { "id": 98, "nombre": "Lámpara RGB 5W", "precio": 1000, "img": "../imagen/lamparaBlue.jpeg" },
    { "id": 99, "nombre": "Luz de emergencia 30 LED", "precio": 1380, "img": "../imagen/eme30.jpg" },
    { "id": 100, "nombre": "Luz de emergencia 60 LED", "precio": 2700, "img": "../imagen/luz_emergencia_60.jpeg" },
    { "id": 101, "nombre": "Cartel LED Kiosco", "precio": 2400, "img": "../imagen/kiosco.jpeg" },
    { "id": 102, "nombre": "Aplique Solar 100LED", "precio": 1450, "img": "../imagen/aplique_solar_100led.jpeg" },
    { "id": 103, "nombre": "Aplique Solar Doble", "precio": 1550, "img": "../imagen/aplique_solar_doble.jpeg" },
    { "id": 104, "nombre": "Luces led lluvia ROSA", "precio": 2100, "img": "../imagen/lluvia_rosa.jpeg" },
    { "id": 105, "nombre": "Pizarra luminosa corazón", "precio": 1300, "img": "../imagen/pizarra_corazon.jpg" },
    { "id": 106, "nombre": "Pizarra luminosa led 30×20", "precio": 1600, "img": "../imagen/pizarra_encastre.jpg" },
    { "id": 107, "nombre": "Luz protón 36 LED", "precio": 4100, "img": "../imagen/proton_36.png" },
    { "id": 108, "nombre": "Luz protón 54 LED", "precio": 5800, "img": "../imagen/proton-54.jpg" },
    { "id": 109, "nombre": "Reflector LED 20w", "precio": 3050, "img": "../imagen/reflector_rgb.jpg" },
    { "id": 110, "nombre": "Cartel 1 Metro", "precio": 18600, "img": "../imagen/cartel1Metro.jpg" }

]